-- phpMyAdmin SQL Dump
-- version 5.1.1
-- https://www.phpmyadmin.net/
--
-- Anamakine: 127.0.0.1
-- Üretim Zamanı: 19 Tem 2022, 14:43:54
-- Sunucu sürümü: 10.4.21-MariaDB-log
-- PHP Sürümü: 8.0.12

SET SQL_MODE = "NO_AUTO_VALUE_ON_ZERO";
START TRANSACTION;
SET time_zone = "+00:00";


/*!40101 SET @OLD_CHARACTER_SET_CLIENT=@@CHARACTER_SET_CLIENT */;
/*!40101 SET @OLD_CHARACTER_SET_RESULTS=@@CHARACTER_SET_RESULTS */;
/*!40101 SET @OLD_COLLATION_CONNECTION=@@COLLATION_CONNECTION */;
/*!40101 SET NAMES utf8mb4 */;

--
-- Veritabanı: `quiz_laravel_8`
--

-- --------------------------------------------------------

--
-- Tablo için tablo yapısı `answers`
--

CREATE TABLE `answers` (
  `id` bigint(20) UNSIGNED NOT NULL,
  `user_id` bigint(20) UNSIGNED NOT NULL,
  `question_id` bigint(20) UNSIGNED NOT NULL,
  `answer` enum('answer1','answer2','answer3','answer4') COLLATE utf8mb4_unicode_ci NOT NULL
) ENGINE=InnoDB DEFAULT CHARSET=utf8mb4 COLLATE=utf8mb4_unicode_ci;

--
-- Tablo döküm verisi `answers`
--

INSERT INTO `answers` (`id`, `user_id`, `question_id`, `answer`) VALUES
(1, 6, 11, 'answer1'),
(2, 2, 80, 'answer4'),
(3, 10, 53, 'answer4'),
(4, 4, 58, 'answer3'),
(5, 1, 71, 'answer2'),
(6, 3, 24, 'answer4'),
(7, 1, 79, 'answer3'),
(8, 9, 56, 'answer1'),
(9, 4, 11, 'answer3'),
(10, 5, 4, 'answer4'),
(11, 6, 53, 'answer3'),
(12, 7, 20, 'answer4'),
(13, 3, 84, 'answer2'),
(14, 7, 82, 'answer2'),
(15, 2, 52, 'answer4'),
(16, 3, 35, 'answer2'),
(17, 1, 60, 'answer3'),
(18, 3, 41, 'answer1'),
(19, 2, 94, 'answer1'),
(20, 7, 49, 'answer1'),
(21, 3, 79, 'answer2'),
(22, 6, 48, 'answer4'),
(23, 10, 50, 'answer3'),
(24, 10, 68, 'answer1'),
(25, 10, 59, 'answer4'),
(26, 7, 98, 'answer2'),
(27, 5, 20, 'answer4'),
(28, 5, 80, 'answer3'),
(29, 9, 13, 'answer3'),
(30, 1, 28, 'answer1'),
(31, 1, 6, 'answer3'),
(32, 5, 31, 'answer1'),
(33, 9, 50, 'answer3'),
(34, 3, 48, 'answer2'),
(35, 4, 30, 'answer4'),
(36, 6, 71, 'answer3'),
(37, 9, 30, 'answer1'),
(38, 10, 55, 'answer2'),
(39, 4, 92, 'answer2'),
(40, 4, 10, 'answer4'),
(41, 6, 51, 'answer2'),
(42, 3, 10, 'answer1'),
(43, 1, 41, 'answer1'),
(44, 8, 78, 'answer4'),
(45, 4, 51, 'answer1'),
(46, 8, 25, 'answer3'),
(47, 2, 22, 'answer1'),
(48, 8, 87, 'answer4'),
(49, 6, 40, 'answer4'),
(50, 4, 27, 'answer2'),
(51, 3, 99, 'answer2'),
(52, 1, 97, 'answer1'),
(53, 6, 69, 'answer3'),
(54, 1, 56, 'answer2'),
(55, 1, 89, 'answer3'),
(56, 5, 83, 'answer1'),
(57, 6, 14, 'answer4'),
(58, 5, 8, 'answer4'),
(59, 8, 24, 'answer1'),
(60, 8, 65, 'answer4'),
(61, 9, 8, 'answer1'),
(62, 1, 25, 'answer3'),
(63, 2, 99, 'answer4'),
(64, 4, 12, 'answer3'),
(65, 7, 80, 'answer4'),
(66, 3, 29, 'answer3'),
(67, 4, 15, 'answer2'),
(68, 10, 37, 'answer2'),
(69, 1, 16, 'answer3'),
(70, 2, 24, 'answer1'),
(71, 7, 19, 'answer1'),
(72, 4, 100, 'answer3'),
(73, 4, 90, 'answer2'),
(74, 4, 42, 'answer4'),
(75, 7, 34, 'answer2'),
(76, 3, 93, 'answer3'),
(77, 6, 48, 'answer2'),
(78, 5, 85, 'answer1'),
(79, 3, 62, 'answer2'),
(80, 4, 39, 'answer4'),
(81, 4, 53, 'answer3'),
(82, 8, 28, 'answer2'),
(83, 9, 49, 'answer1'),
(84, 2, 50, 'answer4'),
(85, 7, 93, 'answer1'),
(86, 4, 23, 'answer4'),
(87, 1, 6, 'answer2'),
(88, 9, 91, 'answer2'),
(89, 7, 26, 'answer1'),
(90, 1, 87, 'answer4'),
(91, 10, 58, 'answer3'),
(92, 3, 4, 'answer1'),
(93, 7, 30, 'answer4'),
(94, 7, 21, 'answer1'),
(95, 2, 8, 'answer4'),
(96, 3, 9, 'answer4'),
(97, 10, 13, 'answer3'),
(98, 6, 24, 'answer3'),
(99, 8, 40, 'answer1'),
(100, 2, 2, 'answer2'),
(101, 1, 83, 'answer2'),
(102, 4, 51, 'answer4'),
(103, 4, 63, 'answer2'),
(104, 10, 86, 'answer2'),
(105, 3, 22, 'answer1'),
(106, 8, 52, 'answer3'),
(107, 4, 26, 'answer4'),
(108, 2, 33, 'answer3'),
(109, 8, 86, 'answer1'),
(110, 3, 66, 'answer3'),
(111, 4, 93, 'answer3'),
(112, 4, 35, 'answer2'),
(113, 3, 40, 'answer3'),
(114, 2, 45, 'answer1'),
(115, 7, 14, 'answer3'),
(116, 3, 79, 'answer2'),
(117, 10, 67, 'answer4'),
(118, 5, 27, 'answer2'),
(119, 10, 78, 'answer1'),
(120, 7, 35, 'answer2'),
(121, 6, 81, 'answer1'),
(122, 7, 1, 'answer4'),
(123, 7, 79, 'answer3'),
(124, 9, 72, 'answer2'),
(125, 10, 4, 'answer4'),
(126, 1, 29, 'answer2'),
(127, 1, 66, 'answer3'),
(128, 6, 10, 'answer4'),
(129, 10, 25, 'answer3'),
(130, 6, 73, 'answer2'),
(131, 6, 59, 'answer2'),
(132, 1, 48, 'answer3'),
(133, 4, 70, 'answer1'),
(134, 4, 10, 'answer3'),
(135, 9, 53, 'answer4'),
(136, 10, 99, 'answer3'),
(137, 7, 62, 'answer1'),
(138, 6, 53, 'answer3'),
(139, 1, 81, 'answer4'),
(140, 2, 60, 'answer4'),
(141, 10, 12, 'answer3'),
(142, 5, 26, 'answer4'),
(143, 8, 92, 'answer2'),
(144, 5, 16, 'answer3'),
(145, 2, 14, 'answer3'),
(146, 8, 44, 'answer1'),
(147, 1, 42, 'answer4'),
(148, 5, 84, 'answer3'),
(149, 6, 51, 'answer2'),
(150, 9, 14, 'answer3'),
(151, 8, 81, 'answer2'),
(152, 10, 89, 'answer1'),
(153, 8, 82, 'answer2'),
(154, 2, 54, 'answer1'),
(155, 3, 41, 'answer4'),
(156, 7, 28, 'answer2'),
(157, 5, 79, 'answer2'),
(158, 1, 13, 'answer4'),
(159, 8, 8, 'answer2'),
(160, 5, 61, 'answer3'),
(161, 8, 62, 'answer4'),
(162, 2, 91, 'answer3'),
(163, 4, 6, 'answer4'),
(164, 3, 56, 'answer2'),
(165, 9, 61, 'answer1'),
(166, 1, 9, 'answer2'),
(167, 3, 7, 'answer3'),
(168, 6, 22, 'answer1'),
(169, 4, 98, 'answer4'),
(170, 10, 37, 'answer4'),
(171, 8, 34, 'answer3'),
(172, 6, 89, 'answer4'),
(173, 7, 45, 'answer4'),
(174, 2, 66, 'answer3'),
(175, 4, 24, 'answer2'),
(176, 4, 61, 'answer2'),
(177, 1, 52, 'answer3'),
(178, 5, 85, 'answer1'),
(179, 9, 27, 'answer1'),
(180, 2, 50, 'answer3'),
(181, 7, 99, 'answer3'),
(182, 3, 78, 'answer4'),
(183, 5, 50, 'answer1'),
(184, 5, 76, 'answer3'),
(185, 6, 55, 'answer3'),
(186, 1, 12, 'answer1'),
(187, 5, 72, 'answer2'),
(188, 3, 26, 'answer3'),
(189, 6, 69, 'answer1'),
(190, 7, 60, 'answer1'),
(191, 9, 19, 'answer3'),
(192, 9, 2, 'answer2'),
(193, 10, 62, 'answer4'),
(194, 8, 62, 'answer4'),
(195, 6, 41, 'answer3'),
(196, 6, 52, 'answer3'),
(197, 1, 23, 'answer3'),
(198, 5, 26, 'answer2'),
(199, 7, 99, 'answer4'),
(200, 4, 12, 'answer4'),
(201, 8, 40, 'answer2'),
(202, 5, 50, 'answer2'),
(203, 9, 71, 'answer1'),
(204, 7, 27, 'answer3'),
(205, 5, 66, 'answer2'),
(206, 6, 71, 'answer3'),
(207, 8, 31, 'answer2'),
(208, 5, 47, 'answer1'),
(209, 4, 73, 'answer2'),
(210, 8, 34, 'answer2'),
(211, 1, 27, 'answer3'),
(212, 1, 38, 'answer3'),
(213, 4, 43, 'answer1'),
(214, 3, 76, 'answer1'),
(215, 6, 22, 'answer2'),
(216, 1, 35, 'answer3'),
(217, 9, 38, 'answer3'),
(218, 2, 100, 'answer1'),
(219, 1, 53, 'answer1'),
(220, 5, 85, 'answer2'),
(221, 5, 33, 'answer2'),
(222, 7, 11, 'answer2'),
(223, 7, 5, 'answer4'),
(224, 8, 67, 'answer1'),
(225, 9, 44, 'answer2'),
(226, 4, 76, 'answer3'),
(227, 2, 43, 'answer4'),
(228, 2, 6, 'answer2'),
(229, 3, 64, 'answer1'),
(230, 5, 45, 'answer1'),
(231, 1, 89, 'answer1'),
(232, 6, 34, 'answer1'),
(233, 2, 89, 'answer1'),
(234, 3, 71, 'answer4'),
(235, 6, 19, 'answer4'),
(236, 7, 55, 'answer3'),
(237, 1, 70, 'answer1'),
(238, 5, 43, 'answer3'),
(239, 1, 8, 'answer3'),
(240, 8, 53, 'answer2'),
(241, 10, 70, 'answer2'),
(242, 4, 54, 'answer2'),
(243, 3, 96, 'answer4'),
(244, 2, 36, 'answer3'),
(245, 1, 95, 'answer2'),
(246, 9, 43, 'answer1'),
(247, 5, 67, 'answer3'),
(248, 3, 29, 'answer2'),
(249, 5, 6, 'answer2'),
(250, 2, 72, 'answer1'),
(251, 9, 31, 'answer4'),
(252, 7, 97, 'answer2'),
(253, 10, 95, 'answer2'),
(254, 2, 14, 'answer1'),
(255, 6, 28, 'answer4'),
(256, 4, 33, 'answer3'),
(257, 8, 6, 'answer4'),
(258, 3, 93, 'answer4'),
(259, 8, 94, 'answer1'),
(260, 9, 90, 'answer3'),
(261, 7, 14, 'answer4'),
(262, 6, 72, 'answer3'),
(263, 6, 71, 'answer2'),
(264, 6, 88, 'answer2'),
(265, 5, 88, 'answer2'),
(266, 9, 58, 'answer2'),
(267, 4, 53, 'answer2'),
(268, 2, 30, 'answer4'),
(269, 6, 79, 'answer1'),
(270, 9, 27, 'answer4'),
(271, 10, 21, 'answer4'),
(272, 4, 83, 'answer4'),
(273, 6, 28, 'answer3'),
(274, 3, 31, 'answer3'),
(275, 7, 50, 'answer4'),
(276, 5, 67, 'answer4'),
(277, 1, 26, 'answer2'),
(278, 2, 60, 'answer1'),
(279, 1, 56, 'answer4'),
(280, 7, 24, 'answer4'),
(281, 7, 37, 'answer3'),
(282, 2, 42, 'answer4'),
(283, 5, 89, 'answer1'),
(284, 4, 28, 'answer2'),
(285, 9, 82, 'answer1'),
(286, 6, 10, 'answer2'),
(287, 9, 37, 'answer4'),
(288, 9, 25, 'answer2'),
(289, 6, 51, 'answer2'),
(290, 3, 99, 'answer1'),
(291, 10, 5, 'answer2'),
(292, 2, 34, 'answer2'),
(293, 4, 51, 'answer3'),
(294, 10, 58, 'answer4'),
(295, 9, 97, 'answer1'),
(296, 10, 39, 'answer2'),
(297, 8, 40, 'answer2'),
(298, 1, 2, 'answer1'),
(299, 9, 57, 'answer4'),
(300, 3, 29, 'answer1'),
(301, 10, 50, 'answer2'),
(302, 10, 29, 'answer4'),
(303, 3, 49, 'answer4'),
(304, 1, 47, 'answer3'),
(305, 2, 31, 'answer4'),
(306, 4, 60, 'answer2'),
(307, 6, 17, 'answer1'),
(308, 5, 13, 'answer4'),
(309, 5, 95, 'answer3'),
(310, 8, 70, 'answer2'),
(311, 3, 73, 'answer1'),
(312, 3, 53, 'answer1'),
(313, 8, 9, 'answer1'),
(314, 1, 98, 'answer4'),
(315, 5, 98, 'answer2'),
(316, 2, 58, 'answer3'),
(317, 6, 63, 'answer1'),
(318, 4, 93, 'answer3'),
(319, 4, 97, 'answer1'),
(320, 6, 71, 'answer3'),
(321, 1, 53, 'answer1'),
(322, 7, 88, 'answer2'),
(323, 7, 66, 'answer4'),
(324, 5, 80, 'answer3'),
(325, 3, 32, 'answer1'),
(326, 8, 48, 'answer4'),
(327, 10, 86, 'answer3'),
(328, 1, 42, 'answer1'),
(329, 5, 13, 'answer1'),
(330, 9, 26, 'answer4'),
(331, 7, 78, 'answer2'),
(332, 7, 75, 'answer1'),
(333, 4, 90, 'answer1'),
(334, 1, 61, 'answer3'),
(335, 3, 22, 'answer4'),
(336, 8, 9, 'answer4'),
(337, 5, 47, 'answer1'),
(338, 1, 5, 'answer2'),
(339, 2, 93, 'answer4'),
(340, 1, 50, 'answer4'),
(341, 6, 71, 'answer1'),
(342, 7, 61, 'answer4'),
(343, 1, 4, 'answer3'),
(344, 9, 16, 'answer3'),
(345, 4, 91, 'answer3'),
(346, 5, 19, 'answer4'),
(347, 8, 96, 'answer3'),
(348, 5, 40, 'answer3'),
(349, 1, 16, 'answer1'),
(350, 4, 44, 'answer4'),
(351, 6, 12, 'answer4'),
(352, 1, 52, 'answer3'),
(353, 9, 76, 'answer1'),
(354, 4, 23, 'answer2'),
(355, 1, 57, 'answer3'),
(356, 9, 98, 'answer4'),
(357, 1, 13, 'answer4'),
(358, 3, 80, 'answer1'),
(359, 10, 98, 'answer3'),
(360, 8, 39, 'answer1'),
(361, 2, 43, 'answer3'),
(362, 1, 25, 'answer1'),
(363, 7, 86, 'answer4'),
(364, 1, 65, 'answer3'),
(365, 10, 97, 'answer4'),
(366, 7, 50, 'answer3'),
(367, 3, 14, 'answer2'),
(368, 7, 29, 'answer3'),
(369, 9, 30, 'answer4'),
(370, 8, 23, 'answer4'),
(371, 7, 61, 'answer3'),
(372, 8, 14, 'answer2'),
(373, 8, 13, 'answer2'),
(374, 7, 51, 'answer1'),
(375, 8, 6, 'answer4'),
(376, 2, 47, 'answer4'),
(377, 10, 49, 'answer2'),
(378, 1, 45, 'answer1'),
(379, 4, 69, 'answer4'),
(380, 4, 42, 'answer4'),
(381, 7, 61, 'answer1'),
(382, 8, 64, 'answer1'),
(383, 6, 81, 'answer3'),
(384, 6, 31, 'answer3'),
(385, 10, 32, 'answer2'),
(386, 10, 93, 'answer3'),
(387, 4, 82, 'answer3'),
(388, 6, 49, 'answer4'),
(389, 1, 22, 'answer1'),
(390, 5, 40, 'answer2'),
(391, 7, 21, 'answer4'),
(392, 6, 43, 'answer3'),
(393, 3, 92, 'answer3'),
(394, 6, 41, 'answer3'),
(395, 9, 61, 'answer2'),
(396, 5, 45, 'answer2'),
(397, 5, 15, 'answer3'),
(398, 7, 33, 'answer3'),
(399, 6, 30, 'answer4'),
(400, 10, 11, 'answer2'),
(401, 8, 59, 'answer3'),
(402, 7, 23, 'answer1'),
(403, 6, 20, 'answer3'),
(404, 9, 86, 'answer3'),
(405, 1, 99, 'answer4'),
(406, 7, 10, 'answer3'),
(407, 1, 32, 'answer3'),
(408, 5, 3, 'answer4'),
(409, 9, 64, 'answer1'),
(410, 2, 84, 'answer1'),
(411, 2, 5, 'answer4'),
(412, 9, 14, 'answer2'),
(413, 1, 43, 'answer3'),
(414, 9, 14, 'answer3'),
(415, 7, 64, 'answer2'),
(416, 6, 63, 'answer4'),
(417, 9, 39, 'answer1'),
(418, 1, 72, 'answer3'),
(419, 1, 83, 'answer1'),
(420, 2, 39, 'answer3'),
(421, 5, 64, 'answer4'),
(422, 6, 85, 'answer2'),
(423, 7, 14, 'answer4'),
(424, 3, 36, 'answer2'),
(425, 4, 22, 'answer2'),
(426, 9, 92, 'answer4'),
(427, 6, 38, 'answer1'),
(428, 5, 28, 'answer1'),
(429, 10, 67, 'answer2'),
(430, 8, 57, 'answer4'),
(431, 2, 92, 'answer2'),
(432, 8, 90, 'answer4'),
(433, 10, 33, 'answer1'),
(434, 8, 55, 'answer1'),
(435, 7, 21, 'answer2'),
(436, 6, 99, 'answer2'),
(437, 2, 53, 'answer2'),
(438, 2, 75, 'answer3'),
(439, 4, 42, 'answer2'),
(440, 1, 26, 'answer2'),
(441, 3, 37, 'answer2'),
(442, 5, 43, 'answer2'),
(443, 2, 70, 'answer3'),
(444, 8, 48, 'answer3'),
(445, 1, 81, 'answer4'),
(446, 1, 4, 'answer1'),
(447, 4, 17, 'answer4'),
(448, 2, 72, 'answer2'),
(449, 2, 74, 'answer3'),
(450, 4, 79, 'answer3'),
(451, 7, 16, 'answer1'),
(452, 3, 22, 'answer1'),
(453, 8, 68, 'answer4'),
(454, 6, 9, 'answer1'),
(455, 4, 35, 'answer1'),
(456, 5, 14, 'answer3'),
(457, 5, 62, 'answer4'),
(458, 5, 50, 'answer4'),
(459, 10, 7, 'answer3'),
(460, 8, 93, 'answer4'),
(461, 5, 44, 'answer1'),
(462, 7, 42, 'answer4'),
(463, 7, 11, 'answer3'),
(464, 2, 62, 'answer4'),
(465, 10, 100, 'answer1'),
(466, 3, 1, 'answer2'),
(467, 5, 45, 'answer2'),
(468, 8, 93, 'answer4'),
(469, 9, 40, 'answer4'),
(470, 1, 48, 'answer4'),
(471, 3, 1, 'answer4'),
(472, 1, 79, 'answer3'),
(473, 9, 36, 'answer2'),
(474, 1, 9, 'answer4'),
(475, 1, 73, 'answer1'),
(476, 8, 16, 'answer1'),
(477, 8, 26, 'answer4'),
(478, 4, 100, 'answer2'),
(479, 8, 15, 'answer3'),
(480, 4, 91, 'answer2'),
(481, 9, 32, 'answer1'),
(482, 10, 63, 'answer2'),
(483, 1, 98, 'answer2'),
(484, 7, 64, 'answer3'),
(485, 6, 36, 'answer4'),
(486, 2, 84, 'answer4'),
(487, 8, 42, 'answer4'),
(488, 10, 24, 'answer1'),
(489, 5, 68, 'answer1'),
(490, 9, 1, 'answer4'),
(491, 6, 47, 'answer4'),
(492, 5, 47, 'answer3'),
(493, 5, 71, 'answer1'),
(494, 3, 75, 'answer3'),
(495, 4, 78, 'answer3'),
(496, 9, 96, 'answer2'),
(497, 7, 24, 'answer4'),
(498, 9, 19, 'answer1'),
(499, 4, 82, 'answer2'),
(500, 8, 94, 'answer1'),
(501, 10, 53, 'answer4'),
(502, 7, 57, 'answer4'),
(503, 7, 71, 'answer3'),
(504, 4, 83, 'answer2'),
(505, 1, 29, 'answer2'),
(506, 2, 98, 'answer4'),
(507, 9, 95, 'answer4'),
(508, 9, 39, 'answer3'),
(509, 1, 69, 'answer2'),
(510, 10, 30, 'answer4'),
(511, 7, 7, 'answer4'),
(512, 3, 70, 'answer4'),
(513, 4, 17, 'answer4'),
(514, 6, 29, 'answer2'),
(515, 1, 88, 'answer3'),
(516, 5, 16, 'answer3'),
(517, 9, 14, 'answer4'),
(518, 2, 51, 'answer2'),
(519, 6, 82, 'answer1'),
(520, 5, 18, 'answer3'),
(521, 8, 96, 'answer3'),
(522, 3, 67, 'answer1'),
(523, 6, 34, 'answer2'),
(524, 8, 15, 'answer3'),
(525, 2, 14, 'answer1'),
(526, 7, 60, 'answer4'),
(527, 6, 90, 'answer1'),
(528, 10, 5, 'answer4'),
(529, 3, 9, 'answer2'),
(530, 9, 45, 'answer4'),
(531, 6, 20, 'answer4'),
(532, 1, 30, 'answer2'),
(533, 5, 40, 'answer1'),
(534, 8, 15, 'answer3'),
(535, 10, 21, 'answer4'),
(536, 10, 78, 'answer2'),
(537, 2, 7, 'answer4'),
(538, 8, 3, 'answer2'),
(539, 2, 28, 'answer1'),
(540, 1, 69, 'answer3'),
(541, 5, 96, 'answer1'),
(542, 1, 37, 'answer2'),
(543, 9, 64, 'answer1'),
(544, 10, 12, 'answer3'),
(545, 2, 76, 'answer2'),
(546, 7, 91, 'answer4'),
(547, 2, 55, 'answer2'),
(548, 1, 17, 'answer3'),
(549, 9, 27, 'answer3'),
(550, 3, 32, 'answer2'),
(551, 1, 51, 'answer1'),
(552, 1, 72, 'answer4'),
(553, 4, 36, 'answer2'),
(554, 5, 21, 'answer4'),
(555, 4, 16, 'answer3'),
(556, 2, 60, 'answer4'),
(557, 3, 90, 'answer1'),
(558, 10, 76, 'answer2'),
(559, 8, 19, 'answer2'),
(560, 3, 16, 'answer2'),
(561, 1, 88, 'answer4'),
(562, 5, 58, 'answer4'),
(563, 7, 37, 'answer2'),
(564, 7, 3, 'answer1'),
(565, 7, 6, 'answer4'),
(566, 9, 94, 'answer2'),
(567, 2, 58, 'answer1'),
(568, 1, 26, 'answer2'),
(569, 7, 11, 'answer3'),
(570, 10, 38, 'answer1'),
(571, 6, 87, 'answer1'),
(572, 5, 39, 'answer3'),
(573, 5, 64, 'answer3'),
(574, 9, 37, 'answer4'),
(575, 2, 20, 'answer1'),
(576, 9, 30, 'answer4'),
(577, 9, 1, 'answer1'),
(578, 5, 46, 'answer3'),
(579, 4, 80, 'answer2'),
(580, 3, 71, 'answer4'),
(581, 10, 68, 'answer1'),
(582, 5, 52, 'answer2'),
(583, 9, 79, 'answer4'),
(584, 8, 33, 'answer1'),
(585, 5, 67, 'answer2'),
(586, 5, 21, 'answer2'),
(587, 8, 60, 'answer4'),
(588, 6, 99, 'answer2'),
(589, 8, 26, 'answer2'),
(590, 3, 82, 'answer3'),
(591, 2, 40, 'answer1'),
(592, 9, 80, 'answer1'),
(593, 2, 26, 'answer1'),
(594, 7, 80, 'answer2'),
(595, 3, 50, 'answer3'),
(596, 9, 13, 'answer1'),
(597, 8, 26, 'answer1'),
(598, 3, 22, 'answer3'),
(599, 10, 78, 'answer2'),
(600, 6, 57, 'answer1'),
(601, 5, 63, 'answer3'),
(602, 10, 46, 'answer3'),
(603, 9, 97, 'answer3'),
(604, 3, 18, 'answer3'),
(605, 1, 51, 'answer4'),
(606, 9, 7, 'answer2'),
(607, 2, 86, 'answer1'),
(608, 7, 44, 'answer4'),
(609, 9, 54, 'answer1'),
(610, 4, 35, 'answer2'),
(611, 4, 73, 'answer3'),
(612, 6, 25, 'answer4'),
(613, 4, 98, 'answer2'),
(614, 7, 59, 'answer1'),
(615, 5, 71, 'answer2'),
(616, 1, 41, 'answer1'),
(617, 1, 1, 'answer3'),
(618, 7, 17, 'answer4'),
(619, 5, 87, 'answer4'),
(620, 3, 54, 'answer4'),
(621, 8, 92, 'answer3'),
(622, 1, 100, 'answer1'),
(623, 7, 79, 'answer3'),
(624, 4, 50, 'answer2'),
(625, 9, 32, 'answer2'),
(626, 3, 1, 'answer3'),
(627, 4, 75, 'answer3'),
(628, 1, 53, 'answer2'),
(629, 3, 68, 'answer1'),
(630, 3, 99, 'answer1'),
(631, 10, 1, 'answer3'),
(632, 3, 12, 'answer2'),
(633, 7, 52, 'answer4'),
(634, 10, 79, 'answer3'),
(635, 3, 39, 'answer1'),
(636, 5, 35, 'answer4'),
(637, 2, 94, 'answer3'),
(638, 1, 49, 'answer3'),
(639, 10, 14, 'answer3'),
(640, 9, 22, 'answer1'),
(641, 1, 49, 'answer4'),
(642, 1, 35, 'answer4'),
(643, 2, 25, 'answer1'),
(644, 4, 35, 'answer4'),
(645, 10, 75, 'answer3'),
(646, 10, 43, 'answer2'),
(647, 6, 16, 'answer3'),
(648, 7, 86, 'answer2'),
(649, 1, 66, 'answer3'),
(650, 3, 82, 'answer3'),
(651, 4, 47, 'answer1'),
(652, 6, 68, 'answer1'),
(653, 1, 58, 'answer1'),
(654, 6, 42, 'answer3'),
(655, 9, 41, 'answer1'),
(656, 5, 86, 'answer1'),
(657, 7, 53, 'answer2'),
(658, 10, 98, 'answer1'),
(659, 4, 50, 'answer1'),
(660, 8, 53, 'answer1'),
(661, 7, 81, 'answer4'),
(662, 7, 55, 'answer2'),
(663, 2, 18, 'answer4'),
(664, 4, 2, 'answer1'),
(665, 4, 87, 'answer3'),
(666, 9, 20, 'answer4'),
(667, 10, 45, 'answer4'),
(668, 5, 54, 'answer1'),
(669, 3, 4, 'answer4'),
(670, 7, 52, 'answer3'),
(671, 5, 69, 'answer2'),
(672, 7, 58, 'answer3'),
(673, 4, 61, 'answer3'),
(674, 8, 21, 'answer4'),
(675, 3, 37, 'answer2'),
(676, 10, 53, 'answer1'),
(677, 6, 19, 'answer2'),
(678, 3, 38, 'answer3'),
(679, 4, 82, 'answer4'),
(680, 9, 53, 'answer2'),
(681, 4, 8, 'answer1'),
(682, 10, 41, 'answer2'),
(683, 4, 53, 'answer2'),
(684, 7, 3, 'answer4'),
(685, 8, 77, 'answer3'),
(686, 7, 72, 'answer2'),
(687, 10, 11, 'answer4'),
(688, 10, 57, 'answer4'),
(689, 6, 60, 'answer1'),
(690, 8, 55, 'answer1'),
(691, 4, 31, 'answer4'),
(692, 2, 77, 'answer1'),
(693, 10, 78, 'answer1'),
(694, 9, 39, 'answer3'),
(695, 9, 15, 'answer4'),
(696, 6, 77, 'answer1'),
(697, 4, 98, 'answer1'),
(698, 3, 33, 'answer4'),
(699, 7, 49, 'answer1'),
(700, 8, 11, 'answer4'),
(701, 8, 68, 'answer2'),
(702, 10, 29, 'answer1'),
(703, 2, 87, 'answer3'),
(704, 4, 57, 'answer4'),
(705, 2, 73, 'answer2'),
(706, 4, 68, 'answer1'),
(707, 6, 11, 'answer4'),
(708, 10, 64, 'answer1'),
(709, 2, 58, 'answer1'),
(710, 3, 16, 'answer1'),
(711, 6, 77, 'answer4'),
(712, 6, 77, 'answer1'),
(713, 3, 33, 'answer3'),
(714, 6, 65, 'answer3'),
(715, 3, 80, 'answer4'),
(716, 4, 74, 'answer1'),
(717, 5, 25, 'answer1'),
(718, 2, 47, 'answer2'),
(719, 9, 74, 'answer4'),
(720, 3, 94, 'answer2'),
(721, 4, 94, 'answer3'),
(722, 3, 22, 'answer3'),
(723, 9, 42, 'answer3'),
(724, 1, 1, 'answer1'),
(725, 5, 2, 'answer1'),
(726, 8, 67, 'answer4'),
(727, 8, 34, 'answer4'),
(728, 9, 14, 'answer4'),
(729, 5, 86, 'answer2'),
(730, 9, 16, 'answer3'),
(731, 4, 68, 'answer3'),
(732, 7, 83, 'answer3'),
(733, 2, 60, 'answer1'),
(734, 8, 22, 'answer2'),
(735, 5, 15, 'answer3'),
(736, 9, 79, 'answer3'),
(737, 6, 59, 'answer1'),
(738, 5, 82, 'answer1'),
(739, 9, 29, 'answer2'),
(740, 9, 26, 'answer2'),
(741, 9, 21, 'answer1'),
(742, 9, 83, 'answer2'),
(743, 7, 60, 'answer4'),
(744, 3, 18, 'answer2'),
(745, 8, 11, 'answer4'),
(746, 6, 43, 'answer4'),
(747, 1, 84, 'answer1'),
(748, 7, 61, 'answer3'),
(749, 4, 11, 'answer1'),
(750, 3, 25, 'answer2'),
(751, 3, 52, 'answer3'),
(752, 4, 63, 'answer2'),
(753, 4, 22, 'answer1'),
(754, 6, 77, 'answer1'),
(755, 8, 86, 'answer1'),
(756, 5, 25, 'answer3'),
(757, 2, 57, 'answer4'),
(758, 10, 24, 'answer4'),
(759, 7, 53, 'answer3'),
(760, 2, 49, 'answer4'),
(761, 4, 41, 'answer1'),
(762, 9, 83, 'answer2'),
(763, 1, 71, 'answer4'),
(764, 9, 53, 'answer2'),
(765, 9, 46, 'answer4'),
(766, 8, 74, 'answer2'),
(767, 6, 73, 'answer2'),
(768, 3, 83, 'answer3'),
(769, 10, 57, 'answer1'),
(770, 7, 72, 'answer4'),
(771, 7, 30, 'answer2'),
(772, 2, 73, 'answer3'),
(773, 1, 53, 'answer4'),
(774, 3, 80, 'answer4'),
(775, 7, 9, 'answer3'),
(776, 8, 65, 'answer1'),
(777, 4, 81, 'answer4'),
(778, 1, 11, 'answer4'),
(779, 6, 86, 'answer4'),
(780, 4, 54, 'answer3'),
(781, 8, 48, 'answer4'),
(782, 2, 60, 'answer1'),
(783, 6, 78, 'answer4'),
(784, 5, 74, 'answer1'),
(785, 6, 95, 'answer4'),
(786, 8, 13, 'answer1'),
(787, 4, 24, 'answer3'),
(788, 2, 57, 'answer3'),
(789, 5, 74, 'answer2'),
(790, 5, 90, 'answer1'),
(791, 5, 42, 'answer1'),
(792, 2, 57, 'answer2'),
(793, 1, 28, 'answer3'),
(794, 3, 89, 'answer3'),
(795, 7, 73, 'answer1'),
(796, 10, 9, 'answer1'),
(797, 8, 42, 'answer3'),
(798, 7, 31, 'answer2'),
(799, 6, 75, 'answer2'),
(800, 9, 7, 'answer4'),
(801, 5, 52, 'answer2'),
(802, 6, 17, 'answer1'),
(803, 7, 100, 'answer4'),
(804, 5, 3, 'answer3'),
(805, 3, 48, 'answer2'),
(806, 5, 1, 'answer2'),
(807, 6, 42, 'answer3'),
(808, 3, 30, 'answer3'),
(809, 2, 78, 'answer4'),
(810, 6, 40, 'answer2'),
(811, 10, 65, 'answer1'),
(812, 8, 64, 'answer4'),
(813, 1, 83, 'answer4'),
(814, 9, 92, 'answer3'),
(815, 6, 65, 'answer1'),
(816, 4, 54, 'answer2'),
(817, 9, 82, 'answer3'),
(818, 3, 23, 'answer2'),
(819, 4, 84, 'answer4'),
(820, 4, 60, 'answer4'),
(821, 9, 85, 'answer3'),
(822, 7, 19, 'answer1'),
(823, 10, 78, 'answer3'),
(824, 9, 25, 'answer3'),
(825, 10, 20, 'answer1'),
(826, 3, 95, 'answer1'),
(827, 8, 77, 'answer3'),
(828, 7, 60, 'answer2'),
(829, 5, 21, 'answer3'),
(830, 8, 89, 'answer1'),
(831, 9, 20, 'answer4'),
(832, 6, 49, 'answer4'),
(833, 6, 89, 'answer1'),
(834, 6, 23, 'answer1'),
(835, 8, 48, 'answer4'),
(836, 10, 48, 'answer1'),
(837, 3, 50, 'answer2'),
(838, 1, 100, 'answer4'),
(839, 8, 9, 'answer4'),
(840, 5, 32, 'answer1'),
(841, 5, 81, 'answer4'),
(842, 2, 96, 'answer4'),
(843, 10, 89, 'answer1'),
(844, 9, 73, 'answer1'),
(845, 8, 25, 'answer2'),
(846, 7, 9, 'answer2'),
(847, 8, 13, 'answer3'),
(848, 5, 72, 'answer3'),
(849, 2, 100, 'answer2'),
(850, 2, 73, 'answer1'),
(851, 7, 24, 'answer2'),
(852, 3, 87, 'answer1'),
(853, 5, 44, 'answer2'),
(854, 9, 1, 'answer1'),
(855, 5, 23, 'answer2'),
(856, 2, 32, 'answer3'),
(857, 5, 43, 'answer3'),
(858, 9, 60, 'answer1'),
(859, 2, 56, 'answer3'),
(860, 5, 48, 'answer2'),
(861, 8, 100, 'answer3'),
(862, 1, 90, 'answer2'),
(863, 5, 13, 'answer1'),
(864, 2, 100, 'answer1'),
(865, 3, 53, 'answer3'),
(866, 2, 53, 'answer3'),
(867, 9, 41, 'answer3'),
(868, 4, 37, 'answer3'),
(869, 1, 48, 'answer4'),
(870, 8, 100, 'answer2'),
(871, 9, 37, 'answer3'),
(872, 10, 19, 'answer4'),
(873, 2, 14, 'answer4'),
(874, 6, 63, 'answer1'),
(875, 2, 90, 'answer2'),
(876, 4, 82, 'answer1'),
(877, 10, 74, 'answer1'),
(878, 3, 42, 'answer1'),
(879, 8, 62, 'answer3'),
(880, 4, 45, 'answer1'),
(881, 2, 73, 'answer1'),
(882, 3, 93, 'answer4'),
(883, 8, 73, 'answer4'),
(884, 8, 63, 'answer2'),
(885, 7, 85, 'answer2'),
(886, 1, 63, 'answer2'),
(887, 8, 76, 'answer1'),
(888, 8, 53, 'answer3'),
(889, 9, 62, 'answer4'),
(890, 2, 89, 'answer1'),
(891, 10, 35, 'answer1'),
(892, 8, 81, 'answer4'),
(893, 7, 98, 'answer1'),
(894, 8, 15, 'answer3'),
(895, 6, 72, 'answer3'),
(896, 2, 61, 'answer1'),
(897, 4, 100, 'answer3'),
(898, 8, 6, 'answer4'),
(899, 9, 10, 'answer3'),
(900, 1, 44, 'answer1'),
(901, 8, 96, 'answer1'),
(902, 2, 21, 'answer3'),
(903, 8, 80, 'answer4'),
(904, 9, 90, 'answer3'),
(905, 3, 63, 'answer2'),
(906, 9, 41, 'answer4'),
(907, 5, 4, 'answer2'),
(908, 5, 48, 'answer4'),
(909, 10, 15, 'answer2'),
(910, 2, 38, 'answer2'),
(911, 4, 11, 'answer4'),
(912, 1, 38, 'answer3'),
(913, 9, 38, 'answer3'),
(914, 3, 93, 'answer3'),
(915, 8, 46, 'answer1'),
(916, 5, 71, 'answer4'),
(917, 2, 46, 'answer3'),
(918, 3, 97, 'answer1'),
(919, 5, 80, 'answer2'),
(920, 8, 92, 'answer3'),
(921, 6, 30, 'answer4'),
(922, 6, 59, 'answer2'),
(923, 8, 59, 'answer2'),
(924, 10, 70, 'answer2'),
(925, 1, 26, 'answer4'),
(926, 1, 72, 'answer4'),
(927, 10, 29, 'answer2'),
(928, 7, 97, 'answer4'),
(929, 5, 20, 'answer3'),
(930, 9, 42, 'answer3'),
(931, 6, 62, 'answer4'),
(932, 9, 54, 'answer1'),
(933, 9, 18, 'answer4'),
(934, 10, 77, 'answer1'),
(935, 7, 51, 'answer1'),
(936, 5, 49, 'answer4'),
(937, 9, 30, 'answer1'),
(938, 8, 18, 'answer4'),
(939, 2, 24, 'answer2'),
(940, 9, 65, 'answer1'),
(941, 7, 73, 'answer1'),
(942, 7, 11, 'answer3'),
(943, 5, 8, 'answer1'),
(944, 9, 10, 'answer4'),
(945, 8, 68, 'answer3'),
(946, 1, 64, 'answer3'),
(947, 7, 27, 'answer1'),
(948, 6, 19, 'answer1'),
(949, 2, 94, 'answer2'),
(950, 2, 40, 'answer3'),
(951, 8, 55, 'answer1'),
(952, 6, 71, 'answer1'),
(953, 6, 8, 'answer3'),
(954, 7, 66, 'answer4'),
(955, 10, 47, 'answer2'),
(956, 1, 88, 'answer2'),
(957, 2, 94, 'answer4'),
(958, 1, 25, 'answer3'),
(959, 4, 74, 'answer3'),
(960, 1, 13, 'answer2'),
(961, 5, 59, 'answer1'),
(962, 7, 6, 'answer3'),
(963, 7, 92, 'answer3'),
(964, 8, 91, 'answer4'),
(965, 5, 100, 'answer3'),
(966, 2, 8, 'answer4'),
(967, 10, 42, 'answer3'),
(968, 7, 26, 'answer2'),
(969, 8, 54, 'answer3'),
(970, 6, 55, 'answer1'),
(971, 7, 19, 'answer2'),
(972, 3, 29, 'answer4'),
(973, 5, 99, 'answer4'),
(974, 4, 62, 'answer2'),
(975, 7, 36, 'answer3'),
(976, 1, 71, 'answer1'),
(977, 7, 67, 'answer3'),
(978, 9, 74, 'answer2'),
(979, 3, 66, 'answer4'),
(980, 10, 37, 'answer1'),
(981, 6, 47, 'answer4'),
(982, 3, 85, 'answer4'),
(983, 7, 31, 'answer3'),
(984, 1, 29, 'answer1'),
(985, 3, 30, 'answer3'),
(986, 9, 55, 'answer1'),
(987, 5, 61, 'answer3'),
(988, 2, 67, 'answer2'),
(989, 4, 87, 'answer2'),
(990, 4, 52, 'answer2'),
(991, 10, 27, 'answer2'),
(992, 1, 35, 'answer1'),
(993, 9, 48, 'answer1'),
(994, 7, 83, 'answer1'),
(995, 1, 5, 'answer4'),
(996, 1, 5, 'answer1'),
(997, 5, 22, 'answer1'),
(998, 5, 27, 'answer3'),
(999, 2, 52, 'answer2'),
(1000, 2, 35, 'answer4'),
(1001, 1, 20, 'answer1'),
(1002, 1, 35, 'answer3'),
(1003, 1, 55, 'answer4'),
(1004, 1, 78, 'answer2'),
(1005, 1, 88, 'answer3'),
(1006, 1, 99, 'answer1'),
(1007, 1, 20, 'answer1'),
(1008, 1, 35, 'answer3'),
(1009, 1, 55, 'answer4'),
(1010, 1, 78, 'answer2'),
(1011, 1, 88, 'answer2'),
(1012, 1, 99, 'answer1'),
(1013, 1, 20, 'answer1'),
(1014, 1, 35, 'answer1'),
(1015, 1, 55, 'answer1'),
(1016, 1, 78, 'answer1'),
(1017, 1, 88, 'answer1'),
(1018, 1, 99, 'answer1'),
(1019, 1, 20, 'answer4'),
(1020, 1, 35, 'answer4'),
(1021, 1, 55, 'answer4'),
(1022, 1, 78, 'answer4'),
(1023, 1, 88, 'answer4'),
(1024, 1, 99, 'answer4'),
(1025, 1, 20, 'answer4'),
(1026, 1, 35, 'answer4'),
(1027, 1, 55, 'answer4'),
(1028, 1, 78, 'answer4'),
(1029, 1, 88, 'answer4'),
(1030, 1, 99, 'answer4'),
(1031, 1, 20, 'answer3'),
(1032, 1, 35, 'answer3'),
(1033, 1, 55, 'answer3'),
(1034, 1, 78, 'answer3'),
(1035, 1, 88, 'answer3'),
(1036, 1, 99, 'answer3'),
(1037, 1, 20, 'answer3'),
(1038, 1, 35, 'answer3'),
(1039, 1, 55, 'answer3'),
(1040, 1, 78, 'answer3'),
(1041, 1, 88, 'answer3'),
(1042, 1, 99, 'answer3'),
(1043, 1, 20, 'answer3'),
(1044, 1, 35, 'answer1'),
(1045, 1, 55, 'answer2'),
(1046, 1, 78, 'answer3'),
(1047, 1, 88, 'answer3'),
(1048, 1, 99, 'answer4'),
(1049, 1, 20, 'answer3'),
(1050, 1, 35, 'answer1'),
(1051, 1, 55, 'answer2'),
(1052, 1, 78, 'answer3'),
(1053, 1, 88, 'answer3'),
(1054, 1, 99, 'answer4'),
(1055, 1, 20, 'answer3'),
(1056, 1, 35, 'answer1'),
(1057, 1, 55, 'answer2'),
(1058, 1, 78, 'answer3'),
(1059, 1, 88, 'answer3'),
(1060, 1, 99, 'answer4'),
(1061, 1, 20, 'answer3'),
(1062, 1, 35, 'answer1'),
(1063, 1, 55, 'answer2'),
(1064, 1, 78, 'answer3'),
(1065, 1, 88, 'answer3'),
(1066, 1, 99, 'answer4'),
(1067, 1, 20, 'answer3'),
(1068, 1, 35, 'answer1'),
(1069, 1, 55, 'answer2'),
(1070, 1, 78, 'answer3'),
(1071, 1, 88, 'answer3'),
(1072, 1, 99, 'answer4'),
(1073, 1, 20, 'answer3'),
(1074, 1, 35, 'answer1'),
(1075, 1, 55, 'answer2'),
(1076, 1, 78, 'answer3'),
(1077, 1, 88, 'answer3'),
(1078, 1, 99, 'answer4'),
(1079, 1, 20, 'answer1'),
(1080, 1, 35, 'answer1'),
(1081, 1, 55, 'answer1'),
(1082, 1, 78, 'answer1'),
(1083, 1, 88, 'answer1'),
(1084, 1, 99, 'answer4'),
(1085, 1, 20, 'answer3'),
(1086, 1, 35, 'answer3'),
(1087, 1, 55, 'answer3'),
(1088, 1, 78, 'answer3'),
(1089, 1, 88, 'answer1'),
(1090, 1, 99, 'answer4'),
(1091, 1, 20, 'answer1'),
(1092, 1, 35, 'answer3'),
(1093, 1, 55, 'answer4'),
(1094, 1, 78, 'answer3'),
(1095, 1, 88, 'answer1'),
(1096, 1, 99, 'answer4'),
(1097, 1, 20, 'answer1'),
(1098, 1, 35, 'answer3'),
(1099, 1, 55, 'answer4'),
(1100, 1, 78, 'answer2'),
(1101, 1, 88, 'answer1'),
(1102, 1, 99, 'answer4');

-- --------------------------------------------------------

--
-- Tablo için tablo yapısı `migrations`
--

CREATE TABLE `migrations` (
  `id` int(10) UNSIGNED NOT NULL,
  `migration` varchar(255) COLLATE utf8mb4_unicode_ci NOT NULL,
  `batch` int(11) NOT NULL
) ENGINE=InnoDB DEFAULT CHARSET=utf8mb4 COLLATE=utf8mb4_unicode_ci;

--
-- Tablo döküm verisi `migrations`
--

INSERT INTO `migrations` (`id`, `migration`, `batch`) VALUES
(1, '2014_10_12_000000_create_users_table', 1),
(2, '2014_10_12_100000_create_password_resets_table', 1),
(3, '2014_10_12_200000_add_two_factor_columns_to_users_table', 1),
(4, '2019_12_14_000001_create_personal_access_tokens_table', 1),
(5, '2022_07_04_112643_create_sessions_table', 1),
(6, '2022_07_05_102911_quiz_migration', 1),
(7, '2022_07_06_141747_questions', 1),
(8, '2022_07_19_112420_answers', 1),
(9, '2022_07_19_120752_result', 1);

-- --------------------------------------------------------

--
-- Tablo için tablo yapısı `password_resets`
--

CREATE TABLE `password_resets` (
  `email` varchar(255) COLLATE utf8mb4_unicode_ci NOT NULL,
  `token` varchar(255) COLLATE utf8mb4_unicode_ci NOT NULL,
  `created_at` timestamp NULL DEFAULT NULL
) ENGINE=InnoDB DEFAULT CHARSET=utf8mb4 COLLATE=utf8mb4_unicode_ci;

-- --------------------------------------------------------

--
-- Tablo için tablo yapısı `personal_access_tokens`
--

CREATE TABLE `personal_access_tokens` (
  `id` bigint(20) UNSIGNED NOT NULL,
  `tokenable_type` varchar(255) COLLATE utf8mb4_unicode_ci NOT NULL,
  `tokenable_id` bigint(20) UNSIGNED NOT NULL,
  `name` varchar(255) COLLATE utf8mb4_unicode_ci NOT NULL,
  `token` varchar(64) COLLATE utf8mb4_unicode_ci NOT NULL,
  `abilities` text COLLATE utf8mb4_unicode_ci DEFAULT NULL,
  `last_used_at` timestamp NULL DEFAULT NULL,
  `created_at` timestamp NULL DEFAULT NULL,
  `updated_at` timestamp NULL DEFAULT NULL
) ENGINE=InnoDB DEFAULT CHARSET=utf8mb4 COLLATE=utf8mb4_unicode_ci;

-- --------------------------------------------------------

--
-- Tablo için tablo yapısı `questions`
--

CREATE TABLE `questions` (
  `id` bigint(20) UNSIGNED NOT NULL,
  `quiz_id` bigint(20) UNSIGNED NOT NULL,
  `question` longtext COLLATE utf8mb4_unicode_ci NOT NULL,
  `image` longtext COLLATE utf8mb4_unicode_ci DEFAULT NULL,
  `answer1` longtext COLLATE utf8mb4_unicode_ci NOT NULL,
  `answer2` longtext COLLATE utf8mb4_unicode_ci NOT NULL,
  `answer3` longtext COLLATE utf8mb4_unicode_ci NOT NULL,
  `answer4` longtext COLLATE utf8mb4_unicode_ci NOT NULL,
  `correct_answer` enum('answer1','answer2','answer3','answer4') COLLATE utf8mb4_unicode_ci NOT NULL,
  `created_at` timestamp NULL DEFAULT NULL,
  `updated_at` timestamp NULL DEFAULT NULL
) ENGINE=InnoDB DEFAULT CHARSET=utf8mb4 COLLATE=utf8mb4_unicode_ci;

--
-- Tablo döküm verisi `questions`
--

INSERT INTO `questions` (`id`, `quiz_id`, `question`, `image`, `answer1`, `answer2`, `answer3`, `answer4`, `correct_answer`, `created_at`, `updated_at`) VALUES
(1, 3, 'Sed asperiores porro qui qui.', NULL, 'Quod nam et quos.', 'Ipsa reprehenderit nemo ut.', 'Animi voluptas.', 'Amet ea.', 'answer2', '2022-07-19 09:15:12', '2022-07-19 09:15:12'),
(2, 10, 'Facere adipisci molestias.', NULL, 'Porro autem voluptatibus.', 'Laboriosam voluptas.', 'Et aut est.', 'Debitis nam et.', 'answer2', '2022-07-19 09:15:12', '2022-07-19 09:15:12'),
(3, 9, 'Beatae eaque modi porro voluptatum cumque aut assumenda ipsam minima.', NULL, 'Ad sapiente a.', 'Quod consequatur.', 'Repellendus et.', 'At ut quibusdam.', 'answer3', '2022-07-19 09:15:12', '2022-07-19 09:15:12'),
(4, 10, 'Nihil dolorem aut qui veniam molestiae ut minima.', NULL, 'Itaque occaecati eaque.', 'Earum dolorem quia.', 'Autem suscipit saepe.', 'Saepe eaque dignissimos enim.', 'answer2', '2022-07-19 09:15:12', '2022-07-19 09:15:12'),
(5, 9, 'Eos assumenda nisi iste sed architecto id.', NULL, 'Et natus.', 'Minus iure odit nisi.', 'Est amet nemo.', 'Aspernatur officiis.', 'answer2', '2022-07-19 09:15:12', '2022-07-19 09:15:12'),
(6, 6, 'Possimus et est et enim adipisci.', NULL, 'Earum nostrum voluptatibus aut.', 'Eius qui.', 'Voluptatem expedita ut.', 'Eum quibusdam.', 'answer2', '2022-07-19 09:15:12', '2022-07-19 09:15:12'),
(7, 6, 'Quo unde tenetur illum aut quo est blanditiis.', NULL, 'Minus.', 'Libero labore et.', 'Velit.', 'Autem vel deserunt voluptatibus quo.', 'answer4', '2022-07-19 09:15:12', '2022-07-19 09:15:12'),
(8, 1, 'Debitis voluptatem dicta harum reiciendis est hic at.', NULL, 'Ut dolorum.', 'Possimus ab est.', 'Dolores id ex.', 'Dolore enim.', 'answer2', '2022-07-19 09:15:12', '2022-07-19 09:15:12'),
(9, 4, 'Voluptas aut nihil harum.', NULL, 'Ea soluta.', 'Consequuntur sequi.', 'Et aut nesciunt dolorem.', 'Odio laborum sequi.', 'answer3', '2022-07-19 09:15:12', '2022-07-19 09:15:12'),
(10, 5, 'Expedita vel ut veritatis.', NULL, 'Aliquid quod.', 'Beatae praesentium optio ducimus.', 'Rem rerum hic voluptatem.', 'Beatae accusantium repudiandae.', 'answer3', '2022-07-19 09:15:12', '2022-07-19 09:15:12'),
(11, 10, 'Suscipit eos ut incidunt repellat explicabo sunt.', NULL, 'Optio.', 'Nemo quia dolorem.', 'Rerum.', 'Tempore sint dolore.', 'answer3', '2022-07-19 09:15:12', '2022-07-19 09:15:12'),
(12, 1, 'Omnis aliquam magnam perspiciatis sed.', NULL, 'Illum ipsum alias.', 'Enim optio et quia.', 'Voluptas voluptatem facere rem.', 'Illum mollitia.', 'answer1', '2022-07-19 09:15:12', '2022-07-19 09:15:12'),
(13, 9, 'Laborum consectetur accusantium temporibus qui.', NULL, 'Esse quasi dolorem.', 'Et quibusdam sed.', 'Omnis voluptatem aliquam quia.', 'Tenetur tempora.', 'answer2', '2022-07-19 09:15:12', '2022-07-19 09:15:12'),
(14, 7, 'Aliquid omnis maxime molestiae voluptatem qui quidem nostrum.', NULL, 'Culpa molestias dolor.', 'Eveniet.', 'Placeat nihil porro.', 'Qui.', 'answer4', '2022-07-19 09:15:12', '2022-07-19 09:15:12'),
(15, 10, 'Ex dicta reiciendis deserunt qui.', NULL, 'Temporibus unde et nesciunt ea.', 'Ut labore.', 'Eveniet culpa qui.', 'Ab.', 'answer3', '2022-07-19 09:15:12', '2022-07-19 09:15:12'),
(16, 5, 'Eius soluta.', NULL, 'Occaecati voluptas libero.', 'Doloremque rem.', 'Voluptatibus quaerat sit nobis.', 'Architecto totam veritatis laboriosam.', 'answer4', '2022-07-19 09:15:12', '2022-07-19 09:15:12'),
(17, 10, 'Doloremque provident temporibus natus.', NULL, 'Maxime saepe aliquam aut.', 'Reiciendis aut incidunt.', 'Ad sed.', 'Ullam sint exercitationem.', 'answer4', '2022-07-19 09:15:12', '2022-07-19 09:15:12'),
(18, 4, 'Nulla id necessitatibus.', NULL, 'Autem et tempore quis.', 'Vitae et.', 'Dolor.', 'Quidem ab ipsam dolor.', 'answer1', '2022-07-19 09:15:12', '2022-07-19 09:15:12'),
(19, 5, 'Eum adipisci autem molestias.', NULL, 'Quibusdam repudiandae.', 'Quia.', 'Qui magnam eum ut aliquam.', 'Velit repudiandae.', 'answer2', '2022-07-19 09:15:12', '2022-07-19 09:15:12'),
(20, 8, 'A hic tenetur.', NULL, 'Sed earum minima.', 'Ut voluptatum nam.', 'A debitis.', 'Enim.', 'answer1', '2022-07-19 09:15:12', '2022-07-19 09:15:12'),
(21, 5, 'Molestiae quia voluptate dolor.', NULL, 'Optio voluptate delectus.', 'Expedita aliquam.', 'Ut repellat.', 'Nihil.', 'answer2', '2022-07-19 09:15:12', '2022-07-19 09:15:12'),
(22, 5, 'Et natus maxime porro.', NULL, 'At in quia.', 'Officia molestias et.', 'Reprehenderit.', 'Minima.', 'answer1', '2022-07-19 09:15:12', '2022-07-19 09:15:12'),
(23, 1, 'Aut accusamus maxime qui sint.', NULL, 'Aperiam recusandae nemo eum.', 'Aliquam eum deleniti.', 'Eum.', 'Est accusantium non.', 'answer2', '2022-07-19 09:15:12', '2022-07-19 09:15:12'),
(24, 9, 'Voluptatem fuga ad voluptates consectetur similique nihil.', NULL, 'Architecto quis facilis commodi.', 'Repudiandae corrupti.', 'Repellat iure error.', 'Possimus corporis.', 'answer2', '2022-07-19 09:15:12', '2022-07-19 09:15:12'),
(25, 3, 'Adipisci et facilis in animi incidunt.', NULL, 'Dolorem et ea recusandae.', 'Cum sunt.', 'Sed facere deserunt.', 'Omnis.', 'answer3', '2022-07-19 09:15:12', '2022-07-19 09:15:12'),
(26, 7, 'Nobis dolorem iusto ut dolores occaecati aut unde qui.', NULL, 'Molestiae.', 'Voluptas.', 'Neque dolores.', 'Ut veniam quibusdam.', 'answer3', '2022-07-19 09:15:12', '2022-07-19 09:15:12'),
(27, 6, 'Et sit enim reprehenderit aspernatur.', NULL, 'Occaecati occaecati distinctio sit.', 'Qui aliquam impedit.', 'Corrupti quia.', 'Inventore omnis excepturi.', 'answer4', '2022-07-19 09:15:12', '2022-07-19 09:15:12'),
(28, 3, 'Et quia doloribus quidem eos eius aut.', NULL, 'Nihil debitis.', 'Laboriosam vero quasi.', 'Amet quae quia.', 'Non esse.', 'answer4', '2022-07-19 09:15:12', '2022-07-19 09:15:12'),
(29, 6, 'Porro expedita nesciunt ipsa veritatis at.', NULL, 'Est.', 'Saepe maxime.', 'Id voluptate.', 'Placeat.', 'answer3', '2022-07-19 09:15:12', '2022-07-19 09:15:12'),
(30, 3, 'Voluptatem similique provident esse consequatur vel et.', NULL, 'Rem reprehenderit amet.', 'Quasi.', 'Minus est.', 'Maiores impedit.', 'answer3', '2022-07-19 09:15:12', '2022-07-19 09:15:12'),
(31, 3, 'Nesciunt modi fugit voluptatem voluptatem qui.', NULL, 'Aliquam in eveniet.', 'Accusamus in aperiam.', 'Esse non et.', 'Odio ut.', 'answer1', '2022-07-19 09:15:12', '2022-07-19 09:15:12'),
(32, 3, 'Dolore neque consequatur ut.', NULL, 'Aliquam omnis.', 'Eaque suscipit.', 'Sapiente sit omnis.', 'Similique tenetur.', 'answer4', '2022-07-19 09:15:12', '2022-07-19 09:15:12'),
(33, 6, 'Blanditiis quod autem tenetur aut.', NULL, 'Veritatis commodi et.', 'Non eaque.', 'Ut minus.', 'Ea.', 'answer1', '2022-07-19 09:15:12', '2022-07-19 09:15:12'),
(34, 2, 'Vel qui asperiores architecto sit.', NULL, 'Explicabo optio.', 'Velit inventore alias non aut.', 'Rerum.', 'Qui.', 'answer3', '2022-07-19 09:15:12', '2022-07-19 09:15:12'),
(35, 8, 'Aperiam quia expedita exercitationem voluptatem.', NULL, 'Nisi.', 'Totam reprehenderit ducimus.', 'Dolor.', 'Quos dolor.', 'answer3', '2022-07-19 09:15:12', '2022-07-19 09:15:12'),
(36, 3, 'Dolores atque ipsa officia ea quos sed.', NULL, 'Recusandae et recusandae illum porro.', 'Dicta fuga officia.', 'Nesciunt veniam.', 'Commodi temporibus laudantium quia.', 'answer3', '2022-07-19 09:15:12', '2022-07-19 09:15:12'),
(37, 7, 'Vel quisquam quia.', NULL, 'Voluptatibus non mollitia incidunt.', 'Dolore voluptatum laudantium.', 'Iure eveniet reprehenderit.', 'Dignissimos suscipit corporis.', 'answer4', '2022-07-19 09:15:12', '2022-07-19 09:15:12'),
(38, 7, 'Fugit iste deserunt.', NULL, 'Porro et.', 'Numquam quaerat dignissimos minima.', 'Sed et voluptatem dolorem et.', 'Quasi facilis.', 'answer1', '2022-07-19 09:15:12', '2022-07-19 09:15:12'),
(39, 1, 'Deserunt optio nihil repellendus et et sed fugit.', NULL, 'Harum alias.', 'Ut quas.', 'Consectetur voluptas.', 'Omnis corporis.', 'answer4', '2022-07-19 09:15:12', '2022-07-19 09:15:12'),
(40, 7, 'Rerum molestiae distinctio modi similique eum est.', NULL, 'Doloremque natus.', 'Voluptatem.', 'Aut qui.', 'Libero praesentium.', 'answer2', '2022-07-19 09:15:12', '2022-07-19 09:15:12'),
(41, 4, 'Consequatur natus qui eaque tempora mollitia.', NULL, 'Autem.', 'Voluptate illo et.', 'Voluptate.', 'Sint aliquam quidem.', 'answer4', '2022-07-19 09:15:12', '2022-07-19 09:15:12'),
(42, 5, 'Hic odit quo eos vel et.', NULL, 'Quidem placeat voluptatem.', 'Cumque veniam atque.', 'Sed.', 'Iste unde eos.', 'answer4', '2022-07-19 09:15:12', '2022-07-19 09:15:12'),
(43, 3, 'Earum quas sint.', NULL, 'Ut.', 'Placeat qui et.', 'Facere vel qui.', 'Est assumenda ipsum eius enim.', 'answer4', '2022-07-19 09:15:12', '2022-07-19 09:15:12'),
(44, 10, 'In expedita quaerat et sapiente doloremque consequuntur numquam.', NULL, 'Ea commodi nobis.', 'Itaque ea dolor cumque.', 'Sit iure.', 'Dolorem et.', 'answer4', '2022-07-19 09:15:12', '2022-07-19 09:15:12'),
(45, 5, 'Sequi praesentium blanditiis.', NULL, 'Dignissimos aut et qui.', 'Mollitia atque eum.', 'Ex reiciendis et dolor.', 'Est quas.', 'answer1', '2022-07-19 09:15:12', '2022-07-19 09:15:12'),
(46, 9, 'Sunt autem architecto temporibus.', NULL, 'Sunt.', 'Omnis.', 'Nostrum voluptas possimus.', 'Enim sint.', 'answer2', '2022-07-19 09:15:12', '2022-07-19 09:15:12'),
(47, 3, 'Sunt at consequuntur quae minima aut.', NULL, 'Odio placeat.', 'Officia omnis vero.', 'Tempora in quia.', 'Ex minus.', 'answer1', '2022-07-19 09:15:12', '2022-07-19 09:15:12'),
(48, 1, 'Nam beatae quis molestias enim.', NULL, 'Et non.', 'Omnis minima eos sint.', 'Iure quisquam.', 'Ut nisi.', 'answer1', '2022-07-19 09:15:12', '2022-07-19 09:15:12'),
(49, 4, 'Id aut nulla quis non quidem magnam.', NULL, 'Harum omnis.', 'Dolor expedita.', 'Quia ipsa consequatur nobis.', 'Qui reprehenderit aut voluptatem.', 'answer2', '2022-07-19 09:15:12', '2022-07-19 09:15:12'),
(50, 4, 'Iste aut eligendi id.', NULL, 'Dolor.', 'Hic.', 'Quia deserunt et.', 'Quo blanditiis.', 'answer3', '2022-07-19 09:15:12', '2022-07-19 09:15:12'),
(51, 9, 'Commodi ut commodi aspernatur est cupiditate et ea.', NULL, 'Voluptas deleniti dolores qui.', 'Et.', 'Et esse.', 'Illo.', 'answer2', '2022-07-19 09:15:12', '2022-07-19 09:15:12'),
(52, 7, 'Qui ut porro qui omnis dolorem.', NULL, 'Voluptate provident quia.', 'Ipsa ipsum qui animi aliquid.', 'Pariatur nulla.', 'Corporis nihil minima.', 'answer3', '2022-07-19 09:15:12', '2022-07-19 09:15:12'),
(53, 10, 'Perferendis dolores facere consequatur exercitationem.', NULL, 'Sed itaque.', 'Et natus.', 'Pariatur ad.', 'Placeat accusamus.', 'answer1', '2022-07-19 09:15:12', '2022-07-19 09:15:12'),
(54, 3, 'Similique voluptatum esse dicta.', NULL, 'Officiis aliquam tenetur molestiae.', 'Laudantium sit incidunt amet.', 'Quia.', 'Incidunt consectetur.', 'answer4', '2022-07-19 09:15:12', '2022-07-19 09:15:12'),
(55, 8, 'Enim voluptatem ea enim sed ut ratione unde.', NULL, 'Minus explicabo quos.', 'Ea architecto reiciendis.', 'Ullam aut sit.', 'Et omnis voluptatem.', 'answer4', '2022-07-19 09:15:12', '2022-07-19 09:15:12'),
(56, 9, 'Qui est voluptates porro numquam rerum quia voluptatem eius eum.', NULL, 'Quia.', 'Quod iure reiciendis.', 'Aut.', 'Asperiores nihil.', 'answer4', '2022-07-19 09:15:12', '2022-07-19 09:15:12'),
(57, 4, 'Qui numquam possimus excepturi ratione sunt laborum iusto.', NULL, 'Occaecati nulla dignissimos.', 'Et quia doloremque.', 'Ipsum sunt similique.', 'Aut accusantium harum.', 'answer3', '2022-07-19 09:15:12', '2022-07-19 09:15:12'),
(58, 3, 'Qui aliquid corrupti asperiores quae aperiam doloremque sequi.', NULL, 'Qui veniam.', 'Occaecati ipsum nam cum.', 'Doloribus aut debitis repellat.', 'Natus vero quis.', 'answer3', '2022-07-19 09:15:12', '2022-07-19 09:15:12'),
(59, 6, 'Quisquam voluptatem quia qui non.', NULL, 'Sapiente.', 'Nesciunt rerum.', 'Architecto architecto.', 'Aliquid iure.', 'answer4', '2022-07-19 09:15:12', '2022-07-19 09:15:12'),
(60, 2, 'Qui autem qui deserunt natus quae.', NULL, 'Dolore alias.', 'Et excepturi ea.', 'Et pariatur vitae.', 'Aut.', 'answer1', '2022-07-19 09:15:12', '2022-07-19 09:15:12'),
(61, 2, 'Aut omnis.', NULL, 'Similique sit voluptatem qui.', 'Est.', 'Nemo sint.', 'Laboriosam sit fuga deleniti.', 'answer2', '2022-07-19 09:15:12', '2022-07-19 09:15:12'),
(62, 7, 'Vel ut nulla.', NULL, 'Soluta eum.', 'Assumenda et asperiores quia.', 'Sed optio.', 'Earum.', 'answer3', '2022-07-19 09:15:12', '2022-07-19 09:15:12'),
(63, 4, 'Dolor sit illum ab.', NULL, 'Qui quisquam a.', 'Natus ut ab quia.', 'Quo voluptatem voluptas ab.', 'Unde ea et qui.', 'answer2', '2022-07-19 09:15:12', '2022-07-19 09:15:12'),
(64, 6, 'Dicta ullam rem consequatur deserunt.', NULL, 'Vel ad asperiores.', 'Velit ipsa minus.', 'Et.', 'Dolores id.', 'answer2', '2022-07-19 09:15:12', '2022-07-19 09:15:12'),
(65, 10, 'Doloribus praesentium ducimus.', NULL, 'Id molestiae ipsam.', 'Rem molestias unde.', 'Vel ea.', 'Et at doloribus cumque.', 'answer1', '2022-07-19 09:15:12', '2022-07-19 09:15:12'),
(66, 10, 'Tempore voluptatem dolore cupiditate inventore.', NULL, 'Ut deleniti.', 'Illo.', 'Rerum aut.', 'Adipisci fugiat natus commodi facere.', 'answer1', '2022-07-19 09:15:12', '2022-07-19 09:15:12'),
(67, 4, 'Aut dignissimos qui.', NULL, 'Molestiae quasi sunt est.', 'Mollitia consequatur omnis.', 'Quibusdam velit cum.', 'Mollitia libero cum.', 'answer4', '2022-07-19 09:15:12', '2022-07-19 09:15:12'),
(68, 7, 'Nihil aliquam vitae est illo perferendis.', NULL, 'Molestias.', 'Cupiditate eos sint.', 'Autem aliquid.', 'Non.', 'answer1', '2022-07-19 09:15:12', '2022-07-19 09:15:12'),
(69, 3, 'Exercitationem est repellat blanditiis.', NULL, 'Dolorem vitae.', 'Voluptatem consequatur sed.', 'Perferendis non.', 'Quia voluptatem nemo deserunt.', 'answer4', '2022-07-19 09:15:12', '2022-07-19 09:15:12'),
(70, 2, 'Sint dolor pariatur sint.', NULL, 'Sunt rerum.', 'Nam totam eos.', 'Qui suscipit occaecati.', 'Soluta impedit sint.', 'answer1', '2022-07-19 09:15:12', '2022-07-19 09:15:12'),
(71, 2, 'Architecto sint sed quibusdam adipisci natus.', NULL, 'Aperiam qui culpa dolores.', 'Ea quasi officiis.', 'Consequuntur.', 'Vel.', 'answer4', '2022-07-19 09:15:12', '2022-07-19 09:15:12'),
(72, 9, 'Sit nemo aut quidem quas.', NULL, 'Ducimus recusandae nemo.', 'Alias atque dolorum quia.', 'Quisquam suscipit.', 'Adipisci fugit adipisci nesciunt.', 'answer3', '2022-07-19 09:15:12', '2022-07-19 09:15:12'),
(73, 10, 'Occaecati iste iusto maxime aut voluptatem consequatur esse.', NULL, 'Reprehenderit architecto.', 'Quaerat.', 'Nemo dolorem id.', 'Autem corporis.', 'answer2', '2022-07-19 09:15:12', '2022-07-19 09:15:12'),
(74, 1, 'Adipisci sit exercitationem doloribus commodi deleniti qui natus.', NULL, 'Qui.', 'Enim assumenda placeat quis.', 'Officia aut eveniet.', 'Voluptatem laborum.', 'answer1', '2022-07-19 09:15:12', '2022-07-19 09:15:12'),
(75, 5, 'Quaerat et quisquam repudiandae similique commodi.', NULL, 'Earum saepe.', 'Impedit et.', 'A perferendis.', 'Maiores.', 'answer2', '2022-07-19 09:15:12', '2022-07-19 09:15:12'),
(76, 5, 'Omnis at pariatur sed.', NULL, 'Aut.', 'Quaerat asperiores est.', 'Ut.', 'Laborum qui facilis.', 'answer3', '2022-07-19 09:15:12', '2022-07-19 09:15:12'),
(77, 5, 'Quibusdam dolorem explicabo id voluptatem omnis ea.', NULL, 'Odio tenetur a.', 'Quas consectetur.', 'Exercitationem.', 'Consequatur provident.', 'answer3', '2022-07-19 09:15:12', '2022-07-19 09:15:12'),
(78, 8, 'Odit magnam voluptas vel dicta.', NULL, 'Ut.', 'Illum dolorem repellendus earum.', 'Dignissimos.', 'Officiis sequi autem.', 'answer3', '2022-07-19 09:15:12', '2022-07-19 09:15:12'),
(79, 7, 'Sint aut doloribus optio soluta.', NULL, 'Aut eaque.', 'Nobis esse nemo.', 'Earum placeat.', 'Impedit saepe corporis.', 'answer2', '2022-07-19 09:15:12', '2022-07-19 09:15:12'),
(80, 9, 'Sit et distinctio architecto velit voluptates sed.', NULL, 'Sit aut.', 'Dolorem accusamus.', 'Enim repudiandae.', 'Dignissimos sed.', 'answer4', '2022-07-19 09:15:12', '2022-07-19 09:15:12'),
(81, 1, 'Consequatur vel dolorem dolore.', NULL, 'Amet facere eos.', 'Error aut.', 'Pariatur.', 'Non modi unde cumque.', 'answer3', '2022-07-19 09:15:12', '2022-07-19 09:15:12'),
(82, 9, 'Velit omnis labore aliquid quidem.', NULL, 'Natus.', 'Nemo fuga et.', 'Voluptatibus.', 'Et distinctio.', 'answer4', '2022-07-19 09:15:12', '2022-07-19 09:15:12'),
(83, 10, 'Officiis quia aspernatur nesciunt.', NULL, 'Adipisci.', 'Ea modi.', 'Quidem.', 'Odio possimus nisi dolore.', 'answer2', '2022-07-19 09:15:12', '2022-07-19 09:15:12'),
(84, 4, 'Quia et voluptatem.', NULL, 'Illum sed error qui.', 'Cupiditate aspernatur.', 'Qui est aut commodi.', 'Fugiat dolores et.', 'answer1', '2022-07-19 09:15:12', '2022-07-19 09:15:12'),
(85, 3, 'Error esse nemo repudiandae voluptas.', NULL, 'Nihil sunt dolores.', 'Eaque voluptatem.', 'Sunt quo est ab nemo.', 'Omnis in officiis.', 'answer1', '2022-07-19 09:15:12', '2022-07-19 09:15:12'),
(86, 2, 'Rerum architecto et.', NULL, 'Magnam provident velit.', 'Optio minima.', 'Ad earum.', 'Assumenda ut.', 'answer1', '2022-07-19 09:15:12', '2022-07-19 09:15:12'),
(87, 6, 'Excepturi commodi sed quod exercitationem quod.', NULL, 'Ut enim.', 'Et ut unde.', 'Similique.', 'Aut quae tenetur.', 'answer4', '2022-07-19 09:15:12', '2022-07-19 09:15:12'),
(88, 8, 'Veritatis sequi aut qui voluptas.', NULL, 'Reiciendis.', 'Corrupti cum adipisci rem.', 'Temporibus sed.', 'Et.', 'answer3', '2022-07-19 09:15:12', '2022-07-19 09:15:12'),
(89, 3, 'Magni repellendus est et.', NULL, 'Quibusdam sunt.', 'Est cumque reiciendis.', 'Omnis.', 'Nihil officia.', 'answer1', '2022-07-19 09:15:12', '2022-07-19 09:15:12'),
(90, 3, 'Quam voluptatem sed suscipit.', NULL, 'Et exercitationem enim.', 'Deserunt pariatur sapiente.', 'In.', 'Facere.', 'answer4', '2022-07-19 09:15:12', '2022-07-19 09:15:12'),
(91, 10, 'Reprehenderit expedita voluptatem nam nisi.', NULL, 'Iure velit.', 'Dolores eum.', 'Numquam.', 'Nostrum.', 'answer1', '2022-07-19 09:15:12', '2022-07-19 09:15:12'),
(92, 9, 'Nulla praesentium totam qui quisquam qui distinctio.', NULL, 'Modi porro id.', 'Et mollitia.', 'Eligendi facere.', 'Velit.', 'answer4', '2022-07-19 09:15:12', '2022-07-19 09:15:12'),
(93, 2, 'Aspernatur magnam est.', NULL, 'Cumque quisquam harum.', 'Consectetur nobis optio.', 'Quasi dolorem.', 'Veritatis.', 'answer2', '2022-07-19 09:15:12', '2022-07-19 09:15:12'),
(94, 9, 'Nobis qui saepe in laudantium magnam dolorem eius quo.', NULL, 'Ipsa.', 'Amet amet.', 'Voluptatem doloribus voluptatem.', 'Dignissimos temporibus voluptatem.', 'answer1', '2022-07-19 09:15:12', '2022-07-19 09:15:12'),
(95, 10, 'Dolores omnis voluptatem.', NULL, 'Id vitae mollitia id.', 'Illum.', 'Dolore aspernatur libero accusantium.', 'Ab.', 'answer2', '2022-07-19 09:15:12', '2022-07-19 09:15:12'),
(96, 2, 'Aut tempora rerum fugiat.', NULL, 'Ut voluptates.', 'Laboriosam optio.', 'Assumenda voluptatem.', 'Unde voluptatem molestiae dolore.', 'answer1', '2022-07-19 09:15:12', '2022-07-19 09:15:12'),
(97, 1, 'Quas id quasi et itaque quibusdam.', NULL, 'Facere.', 'Nulla.', 'Architecto vel.', 'Ipsum.', 'answer4', '2022-07-19 09:15:12', '2022-07-19 09:15:12'),
(98, 9, 'Dolores natus odit enim tenetur dolore dolorem amet.', NULL, 'Et.', 'Adipisci quam.', 'Mollitia ut non.', 'Est vitae.', 'answer1', '2022-07-19 09:15:12', '2022-07-19 09:15:12'),
(99, 8, 'Placeat numquam rerum.', NULL, 'Alias mollitia expedita.', 'Fuga maxime ipsam.', 'Beatae quia sit.', 'Inventore rerum.', 'answer3', '2022-07-19 09:15:12', '2022-07-19 09:15:12'),
(100, 9, 'Est voluptatem non laborum nisi vitae blanditiis dolore.', NULL, 'Harum dolor.', 'Error repellendus.', 'Illum.', 'Incidunt quis.', 'answer3', '2022-07-19 09:15:12', '2022-07-19 09:15:12');

-- --------------------------------------------------------

--
-- Tablo için tablo yapısı `quizzes`
--

CREATE TABLE `quizzes` (
  `id` bigint(20) UNSIGNED NOT NULL,
  `title` varchar(255) COLLATE utf8mb4_unicode_ci NOT NULL,
  `description` longtext COLLATE utf8mb4_unicode_ci DEFAULT NULL,
  `slug` varchar(255) COLLATE utf8mb4_unicode_ci NOT NULL,
  `finished_at` timestamp NULL DEFAULT NULL,
  `status` enum('publish','draft','passive') COLLATE utf8mb4_unicode_ci NOT NULL DEFAULT 'draft',
  `created_at` timestamp NULL DEFAULT NULL,
  `updated_at` timestamp NULL DEFAULT NULL
) ENGINE=InnoDB DEFAULT CHARSET=utf8mb4 COLLATE=utf8mb4_unicode_ci;

--
-- Tablo döküm verisi `quizzes`
--

INSERT INTO `quizzes` (`id`, `title`, `description`, `slug`, `finished_at`, `status`, `created_at`, `updated_at`) VALUES
(1, 'Ipsum unde illo.', 'Dolor eos velit ea aut nisi. Neque saepe possimus nesciunt et natus blanditiis veniam. Ipsa et voluptates possimus ut consectetur.', 'ipsum-unde-illo', NULL, 'draft', '2022-07-19 09:15:12', '2022-07-19 09:15:12'),
(2, 'Aut sequi cupiditate et quae eaque alias nemo veritatis eligendi.', 'Harum enim quo nisi modi modi illo quis est. Quis nostrum ut harum sed quas ea odit nisi. Quo aut est officiis a velit.', 'aut-sequi-cupiditate-et-quae-eaque-alias-nemo-veritatis-eligendi', NULL, 'draft', '2022-07-19 09:15:12', '2022-07-19 09:15:12'),
(3, 'Quae facilis quia.', 'Pariatur odit velit perferendis accusantium. Cum rerum assumenda sed. Explicabo placeat numquam praesentium. Est consectetur voluptatem iusto rem.', 'quae-facilis-quia', NULL, 'draft', '2022-07-19 09:15:12', '2022-07-19 09:15:12'),
(4, 'Aut sint consequuntur.', 'Quia fugiat omnis laudantium. Inventore aliquam est et mollitia quod quos est.', 'aut-sint-consequuntur', NULL, 'draft', '2022-07-19 09:15:12', '2022-07-19 09:15:12'),
(5, 'Vel quos optio pariatur nobis.', 'Est sit est voluptas necessitatibus. Et vitae amet est voluptatem quasi minus amet quia.', 'vel-quos-optio-pariatur-nobis', NULL, 'draft', '2022-07-19 09:15:12', '2022-07-19 09:15:12'),
(6, 'Totam est enim labore enim.', 'Dolor quia id quae id dolore. Assumenda inventore similique et quae in ab deleniti vel. Natus laudantium vitae soluta aut itaque consequuntur. Tempora totam sit doloremque corrupti.', 'totam-est-enim-labore-enim', NULL, 'draft', '2022-07-19 09:15:12', '2022-07-19 09:15:12'),
(7, 'Iure vel quia repudiandae atque debitis natus.', 'Rerum labore distinctio aliquam rerum aut. Praesentium ratione explicabo quaerat tempore magni eum consectetur. Repudiandae rerum quia quaerat ea.', 'iure-vel-quia-repudiandae-atque-debitis-natus', NULL, 'draft', '2022-07-19 09:15:12', '2022-07-19 09:15:12'),
(8, 'Ut temporibus inventore enim.', 'Quia accusamus ratione aut sed repellat quibusdam. Consequatur natus error enim ipsa ut. Sed temporibus error aut officia atque.', 'ut-temporibus-inventore-enim', NULL, 'publish', '2022-07-19 09:15:12', '2022-07-19 09:15:34'),
(9, 'Assumenda aliquid beatae omnis.', 'Eum sed tempore nihil. Non et vel eligendi sed consequatur nostrum quia nisi. Harum dolor cupiditate dolor ratione.', 'assumenda-aliquid-beatae-omnis', NULL, 'draft', '2022-07-19 09:15:12', '2022-07-19 09:15:12'),
(10, 'Voluptatem dicta exercitationem alias corporis.', 'Minima molestiae minima dolore assumenda a. Minus ab voluptates aut neque sed. Sequi laborum et doloribus atque vel itaque. Ipsam occaecati dicta repudiandae ex porro fugit.', 'voluptatem-dicta-exercitationem-alias-corporis', NULL, 'draft', '2022-07-19 09:15:12', '2022-07-19 09:15:12');

-- --------------------------------------------------------

--
-- Tablo için tablo yapısı `results`
--

CREATE TABLE `results` (
  `id` bigint(20) UNSIGNED NOT NULL,
  `user_id` bigint(20) UNSIGNED NOT NULL,
  `quiz_id` bigint(20) UNSIGNED NOT NULL,
  `point` int(11) NOT NULL,
  `correct` int(11) NOT NULL,
  `wrong` int(11) NOT NULL,
  `created_at` timestamp NULL DEFAULT NULL,
  `updated_at` timestamp NULL DEFAULT NULL
) ENGINE=InnoDB DEFAULT CHARSET=utf8mb4 COLLATE=utf8mb4_unicode_ci;

--
-- Tablo döküm verisi `results`
--

INSERT INTO `results` (`id`, `user_id`, `quiz_id`, `point`, `correct`, `wrong`, `created_at`, `updated_at`) VALUES
(1, 6, 10, 75, 12, 5, '2022-07-19 09:15:13', '2022-07-19 09:15:13'),
(2, 4, 3, 77, 6, 4, '2022-07-19 09:15:13', '2022-07-19 09:15:13'),
(3, 2, 3, 35, 1, 3, '2022-07-19 09:15:13', '2022-07-19 09:15:13'),
(4, 1, 2, 21, 13, 2, '2022-07-19 09:15:13', '2022-07-19 09:15:13'),
(5, 3, 4, 15, 19, 6, '2022-07-19 09:15:13', '2022-07-19 09:15:13'),
(6, 8, 10, 63, 20, 6, '2022-07-19 09:15:13', '2022-07-19 09:15:13'),
(7, 7, 1, 60, 14, 1, '2022-07-19 09:15:13', '2022-07-19 09:15:13'),
(8, 8, 9, 58, 11, 6, '2022-07-19 09:15:13', '2022-07-19 09:15:13'),
(9, 3, 2, 19, 6, 8, '2022-07-19 09:15:13', '2022-07-19 09:15:13'),
(10, 4, 7, 91, 17, 10, '2022-07-19 09:15:13', '2022-07-19 09:15:13'),
(11, 5, 5, 12, 9, 9, '2022-07-19 09:15:13', '2022-07-19 09:15:13'),
(12, 5, 7, 12, 15, 8, '2022-07-19 09:15:13', '2022-07-19 09:15:13'),
(13, 7, 4, 73, 10, 7, '2022-07-19 09:15:13', '2022-07-19 09:15:13'),
(14, 2, 10, 2, 1, 3, '2022-07-19 09:15:13', '2022-07-19 09:15:13'),
(15, 5, 2, 20, 20, 7, '2022-07-19 09:15:13', '2022-07-19 09:15:13'),
(16, 10, 3, 76, 19, 7, '2022-07-19 09:15:13', '2022-07-19 09:15:13'),
(17, 7, 3, 24, 6, 6, '2022-07-19 09:15:13', '2022-07-19 09:15:13'),
(18, 8, 7, 43, 20, 2, '2022-07-19 09:15:13', '2022-07-19 09:15:13'),
(19, 3, 8, 72, 19, 9, '2022-07-19 09:15:13', '2022-07-19 09:15:13'),
(20, 4, 1, 55, 13, 9, '2022-07-19 09:15:13', '2022-07-19 09:15:13'),
(21, 1, 8, 50, 3, 3, '2022-07-19 09:40:40', '2022-07-19 09:40:40');

-- --------------------------------------------------------

--
-- Tablo için tablo yapısı `sessions`
--

CREATE TABLE `sessions` (
  `id` varchar(255) COLLATE utf8mb4_unicode_ci NOT NULL,
  `user_id` bigint(20) UNSIGNED DEFAULT NULL,
  `ip_address` varchar(45) COLLATE utf8mb4_unicode_ci DEFAULT NULL,
  `user_agent` text COLLATE utf8mb4_unicode_ci DEFAULT NULL,
  `payload` longtext COLLATE utf8mb4_unicode_ci NOT NULL,
  `last_activity` int(11) NOT NULL
) ENGINE=InnoDB DEFAULT CHARSET=utf8mb4 COLLATE=utf8mb4_unicode_ci;

--
-- Tablo döküm verisi `sessions`
--

INSERT INTO `sessions` (`id`, `user_id`, `ip_address`, `user_agent`, `payload`, `last_activity`) VALUES
('384JQZqvbTPdbCmZNnpG969Glz1Beyg3RNGuulSO', 1, '127.0.0.1', 'Mozilla/5.0 (Windows NT 10.0; Win64; x64) AppleWebKit/537.36 (KHTML, like Gecko) Chrome/103.0.0.0 Safari/537.36', 'YTo0OntzOjY6Il90b2tlbiI7czo0MDoiaHlIMEdsa25zWm1aTE5iWDRBTDJwUjRFcFg3VFd1cDYzeFpsa3NkeCI7czo5OiJfcHJldmlvdXMiO2E6MTp7czozOiJ1cmwiO3M6NjE6Imh0dHA6Ly8xMjcuMC4wLjE6ODAwMC9xdWl6L2RldGF5L3V0LXRlbXBvcmlidXMtaW52ZW50b3JlLWVuaW0iO31zOjY6Il9mbGFzaCI7YToyOntzOjM6Im9sZCI7YTowOnt9czozOiJuZXciO2E6MDp7fX1zOjUwOiJsb2dpbl93ZWJfNTliYTM2YWRkYzJiMmY5NDAxNTgwZjAxNGM3ZjU4ZWE0ZTMwOTg5ZCI7aToxO30=', 1658234440);

-- --------------------------------------------------------

--
-- Tablo için tablo yapısı `users`
--

CREATE TABLE `users` (
  `id` bigint(20) UNSIGNED NOT NULL,
  `name` varchar(255) COLLATE utf8mb4_unicode_ci NOT NULL,
  `email` varchar(255) COLLATE utf8mb4_unicode_ci NOT NULL,
  `type` enum('admin','user') COLLATE utf8mb4_unicode_ci NOT NULL DEFAULT 'user',
  `email_verified_at` timestamp NULL DEFAULT NULL,
  `password` varchar(255) COLLATE utf8mb4_unicode_ci NOT NULL,
  `two_factor_secret` text COLLATE utf8mb4_unicode_ci DEFAULT NULL,
  `two_factor_recovery_codes` text COLLATE utf8mb4_unicode_ci DEFAULT NULL,
  `two_factor_confirmed_at` timestamp NULL DEFAULT NULL,
  `remember_token` varchar(100) COLLATE utf8mb4_unicode_ci DEFAULT NULL,
  `current_team_id` bigint(20) UNSIGNED DEFAULT NULL,
  `profile_photo_path` varchar(2048) COLLATE utf8mb4_unicode_ci DEFAULT NULL,
  `created_at` timestamp NULL DEFAULT NULL,
  `updated_at` timestamp NULL DEFAULT NULL
) ENGINE=InnoDB DEFAULT CHARSET=utf8mb4 COLLATE=utf8mb4_unicode_ci;

--
-- Tablo döküm verisi `users`
--

INSERT INTO `users` (`id`, `name`, `email`, `type`, `email_verified_at`, `password`, `two_factor_secret`, `two_factor_recovery_codes`, `two_factor_confirmed_at`, `remember_token`, `current_team_id`, `profile_photo_path`, `created_at`, `updated_at`) VALUES
(1, 'Muhammet ali Kayacan', 'muhammetluna@gmail.com', 'admin', '2022-07-19 09:15:12', '$2y$10$S3o7zTr08g5sL1UgetEmmurWQmzCH8tG/qPllLigsR35I4Hv3Jmlq', NULL, NULL, NULL, '9onviMpwkL', NULL, NULL, NULL, NULL),
(2, 'Peter Rolfson', 'hintz.jaylan@example.com', 'user', '2022-07-19 09:15:12', '$2y$10$92IXUNpkjO0rOQ5byMi.Ye4oKoEa3Ro9llC/.og/at2.uheWG/igi', NULL, NULL, NULL, '8dpxtFN1Kt', NULL, NULL, '2022-07-19 09:15:12', '2022-07-19 09:15:12'),
(3, 'Sidney Beahan', 'sdurgan@example.net', 'user', '2022-07-19 09:15:12', '$2y$10$92IXUNpkjO0rOQ5byMi.Ye4oKoEa3Ro9llC/.og/at2.uheWG/igi', NULL, NULL, NULL, 'xs1T78xcaj', NULL, NULL, '2022-07-19 09:15:12', '2022-07-19 09:15:12'),
(4, 'Nyah Hansen', 'abernathy.alysa@example.org', 'admin', '2022-07-19 09:15:12', '$2y$10$92IXUNpkjO0rOQ5byMi.Ye4oKoEa3Ro9llC/.og/at2.uheWG/igi', NULL, NULL, NULL, 'TCC6JwGtXA', NULL, NULL, '2022-07-19 09:15:12', '2022-07-19 09:15:12'),
(5, 'Dr. Abner Kihn MD', 'kris.janae@example.net', 'user', '2022-07-19 09:15:12', '$2y$10$92IXUNpkjO0rOQ5byMi.Ye4oKoEa3Ro9llC/.og/at2.uheWG/igi', NULL, NULL, NULL, 'IX6lnJYZNX', NULL, NULL, '2022-07-19 09:15:12', '2022-07-19 09:15:12'),
(6, 'Laurie Purdy', 'marquardt.kayleigh@example.com', 'admin', '2022-07-19 09:15:12', '$2y$10$92IXUNpkjO0rOQ5byMi.Ye4oKoEa3Ro9llC/.og/at2.uheWG/igi', NULL, NULL, NULL, 'UFZvkIfKnb', NULL, NULL, '2022-07-19 09:15:12', '2022-07-19 09:15:12'),
(7, 'Miss Alycia Block', 'leuschke.rowland@example.com', 'admin', '2022-07-19 09:15:12', '$2y$10$92IXUNpkjO0rOQ5byMi.Ye4oKoEa3Ro9llC/.og/at2.uheWG/igi', NULL, NULL, NULL, 'H8gfXlG1B3', NULL, NULL, '2022-07-19 09:15:12', '2022-07-19 09:15:12'),
(8, 'Liza Reynolds II', 'sosinski@example.com', 'admin', '2022-07-19 09:15:12', '$2y$10$92IXUNpkjO0rOQ5byMi.Ye4oKoEa3Ro9llC/.og/at2.uheWG/igi', NULL, NULL, NULL, 'CUqpKPaZ4P', NULL, NULL, '2022-07-19 09:15:12', '2022-07-19 09:15:12'),
(9, 'Brain Altenwerth', 'sawayn.antonetta@example.com', 'admin', '2022-07-19 09:15:12', '$2y$10$92IXUNpkjO0rOQ5byMi.Ye4oKoEa3Ro9llC/.og/at2.uheWG/igi', NULL, NULL, NULL, 'q69L3n3wrf', NULL, NULL, '2022-07-19 09:15:12', '2022-07-19 09:15:12'),
(10, 'Ollie Harber', 'shanahan.clint@example.org', 'user', '2022-07-19 09:15:12', '$2y$10$92IXUNpkjO0rOQ5byMi.Ye4oKoEa3Ro9llC/.og/at2.uheWG/igi', NULL, NULL, NULL, 'COGJGXfgVh', NULL, NULL, '2022-07-19 09:15:12', '2022-07-19 09:15:12'),
(11, 'Prof. Payton Grant DVM', 'ernser.fidel@example.org', 'admin', '2022-07-19 09:15:12', '$2y$10$92IXUNpkjO0rOQ5byMi.Ye4oKoEa3Ro9llC/.og/at2.uheWG/igi', NULL, NULL, NULL, 'h50ArFrVQR', NULL, NULL, '2022-07-19 09:15:12', '2022-07-19 09:15:12');

--
-- Dökümü yapılmış tablolar için indeksler
--

--
-- Tablo için indeksler `answers`
--
ALTER TABLE `answers`
  ADD PRIMARY KEY (`id`),
  ADD KEY `answers_user_id_foreign` (`user_id`),
  ADD KEY `answers_question_id_foreign` (`question_id`);

--
-- Tablo için indeksler `migrations`
--
ALTER TABLE `migrations`
  ADD PRIMARY KEY (`id`);

--
-- Tablo için indeksler `password_resets`
--
ALTER TABLE `password_resets`
  ADD KEY `password_resets_email_index` (`email`);

--
-- Tablo için indeksler `personal_access_tokens`
--
ALTER TABLE `personal_access_tokens`
  ADD PRIMARY KEY (`id`),
  ADD UNIQUE KEY `personal_access_tokens_token_unique` (`token`),
  ADD KEY `personal_access_tokens_tokenable_type_tokenable_id_index` (`tokenable_type`,`tokenable_id`);

--
-- Tablo için indeksler `questions`
--
ALTER TABLE `questions`
  ADD PRIMARY KEY (`id`),
  ADD KEY `questions_quiz_id_foreign` (`quiz_id`);

--
-- Tablo için indeksler `quizzes`
--
ALTER TABLE `quizzes`
  ADD PRIMARY KEY (`id`);

--
-- Tablo için indeksler `results`
--
ALTER TABLE `results`
  ADD PRIMARY KEY (`id`),
  ADD KEY `results_user_id_foreign` (`user_id`),
  ADD KEY `results_quiz_id_foreign` (`quiz_id`);

--
-- Tablo için indeksler `sessions`
--
ALTER TABLE `sessions`
  ADD PRIMARY KEY (`id`),
  ADD KEY `sessions_user_id_index` (`user_id`),
  ADD KEY `sessions_last_activity_index` (`last_activity`);

--
-- Tablo için indeksler `users`
--
ALTER TABLE `users`
  ADD PRIMARY KEY (`id`),
  ADD UNIQUE KEY `users_email_unique` (`email`);

--
-- Dökümü yapılmış tablolar için AUTO_INCREMENT değeri
--

--
-- Tablo için AUTO_INCREMENT değeri `answers`
--
ALTER TABLE `answers`
  MODIFY `id` bigint(20) UNSIGNED NOT NULL AUTO_INCREMENT, AUTO_INCREMENT=1103;

--
-- Tablo için AUTO_INCREMENT değeri `migrations`
--
ALTER TABLE `migrations`
  MODIFY `id` int(10) UNSIGNED NOT NULL AUTO_INCREMENT, AUTO_INCREMENT=10;

--
-- Tablo için AUTO_INCREMENT değeri `personal_access_tokens`
--
ALTER TABLE `personal_access_tokens`
  MODIFY `id` bigint(20) UNSIGNED NOT NULL AUTO_INCREMENT;

--
-- Tablo için AUTO_INCREMENT değeri `questions`
--
ALTER TABLE `questions`
  MODIFY `id` bigint(20) UNSIGNED NOT NULL AUTO_INCREMENT, AUTO_INCREMENT=101;

--
-- Tablo için AUTO_INCREMENT değeri `quizzes`
--
ALTER TABLE `quizzes`
  MODIFY `id` bigint(20) UNSIGNED NOT NULL AUTO_INCREMENT, AUTO_INCREMENT=11;

--
-- Tablo için AUTO_INCREMENT değeri `results`
--
ALTER TABLE `results`
  MODIFY `id` bigint(20) UNSIGNED NOT NULL AUTO_INCREMENT, AUTO_INCREMENT=22;

--
-- Tablo için AUTO_INCREMENT değeri `users`
--
ALTER TABLE `users`
  MODIFY `id` bigint(20) UNSIGNED NOT NULL AUTO_INCREMENT, AUTO_INCREMENT=12;

--
-- Dökümü yapılmış tablolar için kısıtlamalar
--

--
-- Tablo kısıtlamaları `answers`
--
ALTER TABLE `answers`
  ADD CONSTRAINT `answers_question_id_foreign` FOREIGN KEY (`question_id`) REFERENCES `questions` (`id`) ON DELETE CASCADE,
  ADD CONSTRAINT `answers_user_id_foreign` FOREIGN KEY (`user_id`) REFERENCES `users` (`id`) ON DELETE CASCADE;

--
-- Tablo kısıtlamaları `questions`
--
ALTER TABLE `questions`
  ADD CONSTRAINT `questions_quiz_id_foreign` FOREIGN KEY (`quiz_id`) REFERENCES `quizzes` (`id`) ON DELETE CASCADE;

--
-- Tablo kısıtlamaları `results`
--
ALTER TABLE `results`
  ADD CONSTRAINT `results_quiz_id_foreign` FOREIGN KEY (`quiz_id`) REFERENCES `quizzes` (`id`) ON DELETE CASCADE,
  ADD CONSTRAINT `results_user_id_foreign` FOREIGN KEY (`user_id`) REFERENCES `users` (`id`) ON DELETE CASCADE;
COMMIT;

/*!40101 SET CHARACTER_SET_CLIENT=@OLD_CHARACTER_SET_CLIENT */;
/*!40101 SET CHARACTER_SET_RESULTS=@OLD_CHARACTER_SET_RESULTS */;
/*!40101 SET COLLATION_CONNECTION=@OLD_COLLATION_CONNECTION */;
